speed1,pylo17n9sd2rn7arv2lzq5awtgpahrwhyjj0zapdyx2,7c9820225914c525625dc37d6f9e428a788c7859eec135afb16834a153e24f69
speed2,pylo1zw3yy0w9grk4sg9lsvwz9fhprqpk5cavwjt8lt,377d9475b6101b388a96b5dcc2d13f55d67c72038864304dd1cb3acab52d917f
speed3,pylo1wde0zy60kn4egv6xr9kqjagnjktlaew9cxgapq,34a3bea25006a7c09e3f26160266217102f01704a16af0bd53c2dab0ed4530f5
speed4,pylo1usmw9mk3k6uexae299mg29vde46zf98vhfv5m8,63221655e21a1dfc5246132f10008d5a8949f872c8beba2702d39e233dc57ba4
speed5,pylo1eljq69paglejaccdc08elzv9357dml5anhvstx,82a5cd89ed670c98749dc3cfa975261cb925420b0883e0e2f78263db8473b8fd
speed6,pylo1fp7zlztphvmpj5f6xrgd4sfp5cm3at5wqgftz6,0c0a5231cca4796c092910d223769a4253a98efe5e7739938178afbc594f3f66
speed7,pylo1wjl04eez4fagsh74khn0l9fvxr2qnkjgcgaueg,ded7a510c00d898b3148688db861a8ad3c70459d3c23c358e821cb38854901d0
speed8,pylo14x9xak77e0ksv6tt0jfcn7kmkgrsn8zavrpnd8,f9d4f1907747152b850537f05cd1e13b7aee37cfac4948125bd46ade5e750227
speed9,pylo15uusmx5gvv5nd7cnrdhzathwynr7pp57sha4hu,8e611a29b297781513db8c6e0fc0997fae2582900a2e55a9819d2581848c0b56
speed10,pylo138umng0q2lu4vfj7jllxahq2ppjmdz07x5ldfm,c0d4eed8d69119fef1aae39d14d3a4a553638b7729ca525dc7953cdfbdaca997
speed11,pylo1wq4l5nw2nsyy7ccj0gujh4a9thz8z7mhxamzlp,0f9ee03c0754ffa041e387c3b29ea89c3212cb6d8fff67a7a27adf25367f2cd4
speed12,pylo1cyxdd5mc5gang56jnp52lyvfnufrdqf3u78tth,531a400eaaa804e7c36bb21946fe215545d523d1a09ccb06c52d8aeb8b7d82b9
speed13,pylo16wr0edpgx6vwg7a9jdwuujmhezf6wyzfj9x529,685d3a5df4866d8c097f24e72f076a6bcd4505a6b8174465e7e35331708830d3
speed14,pylo1m5fk0y8eynwq3g7q9cg4t2h596whxkt8ht7u9u,a331f0461fcd8909ed1bb1ba479232389faaf8abdb66e8ef6673940d3035eddc
speed15,pylo1qn55npf3m603pgjhddszt097vqaq6zrdlatajl,d7509ff9f9d8c968b085f6ed39c0692f98665379158ddab5a6c6bbcb8e720a84
speed16,pylo1wqfyjmkpmmlezd75ecyhrqmrpzfd9uwzld2sv2,c11a41a299b6bda0ff4bc79d8b5b9767c12af6d27a3b285bc3ea0caa7fccaae7
speed17,pylo196z5mf6z78x6cxj76pln0a78kcthwcfe530fz5,a4dc724788f2c52025c4bce58d219b036d1154d54fdc8f06e8b2b8bae119bfd6
speed18,pylo1e42sv546drj0g6ldspr9ac8hlvsq3p6tv8jfd7,8ff53b445eec34d0914b6d94cecc09f9fe1102a01e374f3cb6dcf6a2b93c989b
speed19,pylo156g2fm0c2gpuh27azlvfdp0t364g2fgkvxr4vz,48e4a3ec519363c2b25f2fbc5e8b9b013c0cd82297a017e80732b0f8ed1b8554
speed20,pylo1mc8vd8hve85zp8sqgfmx2vt470p5c5x29kz38q,3dc4d1eb66c7b7b69b9e8c8bf7062b981d6b115d8f8cf7ffa81a0b02cc6360d7
speed21,pylo1lcqysdjhlsvc0w2xncqa8uzxe4alkj2alwa8l7,da0e9bd6117cf0768711722ee7a9948b372ce38a45385104742f7a93d29eadc1
speed22,pylo1wk53ytc3djqumscs0wm0fdyagjt9ndxvrutdm6,f1268b31257d3a86009dd2a09c482afc6509ef0d98102d2270a27c74fd347e9b
speed23,pylo1xmm6dxr3g4pufuu08vua73rcz0edcv2vuqwrjy,3dd85118c45a35697d6d3d8ecdaca4b556bb993532db84419ba13a662e3f3eaa
speed24,pylo14pw28wwe68d4f4zjec5mg5ddmshpht0at4qkxl,2a5c019eddd3054d869e97e58cd182ba8aacc1017de84243dd596073360743d4
speed25,pylo10230tqk9qqjwccgk5rmvqwcx8g7jrgs5vz9ng3,52d325cbe65c7f9dca1a85e227031abd8e98d37c0ba3ae11c64af065028e89ec
speed26,pylo1l6vdd6z6e3exar35uu2rk3uda287yngmw463un,60a82ee2a6a03d717fa7bd0d6b0b989dc77977726ef4d9db2cace27b510d525a
speed27,pylo1xel2wlmu8te33z7svhtsg406put7qdc4jwmad0,e2b1428a60c3d64f52678a1a06f4f36e4005d0e833f405843ffea8469ebcb135
speed28,pylo10lwjv7rhxuzqdzzefj08ydpezp8jdvpl4edp26,20268002b2fb6e540529a230249e486e6296c6d81bd4bd96ed9e6ab42a7ee83b
speed29,pylo1lqmyyfanyr9kud78uu02p4lzpyn3gmy4cgj9r9,70fa51d70998388ffed09a85972322b57742aeafdf985e712293775c74952c32
speed30,pylo164wedthcnjml6wqh7q9njulgtcxgs6wewz0tme,4000b10dec0607f2c2b45763c082073d79852dede0898cf2bb5d924b4b22a0f1
speed31,pylo1nhls5pzcw50sptn2pr2e5t4zxl6mml0yzsxh76,86a306a29604e79a3c957514f2c52cc4649f44ee7bdfae78d8e6f394793532fb
speed32,pylo1dxqax5cf9kcygkze5m5vg3skr5l2suc92suhkk,5b3690159e73f8547a8c90f4fc2009cffc628d865b81c819b83c9e1a07d64558
speed33,pylo1h2ny2elhvajt6qvk69sfvv0racwdgz6e2l8f6q,3f48aeaad1e5ea1b96ca262a0e87bf2efb8906c0b7afb63a96a555f355a7df1b
speed34,pylo1nrze8xvzth2gk5775fggtdnfw3w7h0fspdfjxh,16b7269e7a3b860ea8558b30beb59b3851e0cc70ffa52a90906ead86873e0714
speed35,pylo1ww0ajjpxvqpd6y5zvdeknqjpaxvveek637p5kw,fc66a7445da9d48eab3c4e4c92648f5678e9664741162b9493a4ebd86ef33917
speed36,pylo1a7tv4vv756suefyvz4lae4a056sw2xhcx4r6wk,8a36db65a3f1fb1cf0881af96a974d272fb65ac0d69d97ffd1596793c41f6774
speed37,pylo12qcvc28weggr0nnljzu4j64eqna3u32a3w5vx9,3e87896e3059fbe9513a5e13f57af2def14a5dcfe859eb4a7919a96ca6832b96
speed38,pylo1hm8fq7l2qs2hfjqnhqucneqa9umuyurjp5td02,875ee27fdb76c4f9fc61ae0de2e3629e7eca2778eb3e764fd1bb54491fe19959
speed39,pylo160p3dcc6cut9e4ap0rtqxa32dlxu0uevldemyr,ab4a17110a84cba2d9f6afbb3c0c4984acf0b66445927c3f996c93e5e498c149
speed40,pylo18t7k97ypwqd3rnxgd96rzfha6num0eu3j3uw0e,3e2a3afd30be412137e2d8aafcfb1ee0e0739c477df1a7038c4affd2d7dde822
speed41,pylo147ppptpwfqcczrkxxhz68dfqggxqhdvzsaszzj,2ecb1172ef89b0f88413ee7a5049841ed7dccc36a2198bff334cb860b474b4ce
speed42,pylo1mwazxpfgplkuh5af96raetv3upe3yqauqr572y,251d8f27bd3e303ae3ae7eb5d7562da6bf674c2cae938479cbeb61003c17a5d8
speed43,pylo1htx0tzhx3kn3yccsrt5ehmeq3nj57sdxm2ajr3,6fb6b9a70a718b8279e4eb1138349fc11cd5d44875b012bc92e0b0f8089f4ade
speed44,pylo189lemw2z6mrg53lfrlhwc0zthyzvyul2m7gxss,4c8fe07987bbcfb95a4fe500aefa7605b130e194571aac94dd6337157cf488e7
speed45,pylo1c5me9mjxj9wyp554xcq3u3kk35m0kvflymdagt,557fd5feb955f45ce429c1a8ae5707e9c2f499909a197c15b6070e2d5c7809c8
speed46,pylo1vau9n879ssx7ewmj26wv208jfldpzptxu6aymm,0705865f37cbfbaad6db096110db6aec15dfae6c41e145e1b944c0833eda5624
speed47,pylo1xu4h3jnm3x2zg9z9l60f8zke6wqzl9qdy9dkz3,a11eaea0832725d44f9711394af3e4b857b4370aca0a52bd64d92aa86fc57510
speed48,pylo14juhwuyhym47kqc50mhyk8h6quxysuecsv537q,5c0b18d46af95d1ec1646590ded6d8588ee25cacc025ed53c074801a694b76a5
speed49,pylo109pkl5xngmvl7ecde9542zd5tnvz2spkxm9s23,e70c6980da5c41e6375ed80b20ccafaecc0ba2ce30c9c870ec67e62c49890792
speed50,pylo18wd3xp8n9p6gtt4dpvchmkae95hkgdp0zykldj,60adf8862b08069be535c920ac23c26ac936700c357974c31c66cf9670b41223
speed51,pylo1k48sdfr5x8eu787tmp2ahtp6gt4tktd9cnmxt2,22b46992e4e77075992c04894671208de5c0d492ad15f859f8979c593811f508
speed52,pylo13y9txdqq6vct5w994fg0l5zn3m50wwn7yavq7x,a499a9641f8581075a79779a60c925d62dcc9789b11d93d20c13d923ce0de4ac
speed53,pylo1qfaug25r02tuxv6afngznxd7f5wlpseqd6rnzc,4b5e4db1aadf116b7db3dcc7b7c4fa948976465cc519d5b7c20890a4cc4a6484
speed54,pylo16yxfc9mxa3vtqre0k6m5fuxq3p82tpy2zerqpx,d1c21fc463240d679f76b71b6399a9e123fde71500281466fe2b3a9a737536a4
speed55,pylo1lx4cddh7p5hmd9gckljsc3jl9tl6fdgjkhs3k3,f2ad898ee044b92c2090de1faacc4d1de5fb5c9664f70d3bb2369c1c13878607
speed56,pylo1pg4s9gc75p9qyduunc2uxfyqrc2cm55cu4g4fq,b5661d87234e10abcdc6edddc8a07d1dd560d9fe6e61daf4345aaa5076ce88ea
speed57,pylo1hjhctv2uv2ursg7ahrkcrvjzxm0z3fz2ejg7s8,4038454d94d0d14050a23a565e750f16a58c9eb786c5c19c123826df54a0aa7e
speed58,pylo16fmxzx8r9thmdpzx730pudsgjkmjzhnsffr9wf,78cb51035cad57505e0a4ca5697aae5e9598e70ef1b80729d8648f980abcab6b
speed59,pylo1v537nfdm75tf78cqw43gxvwh2kmqfwsm2974y6,4ceb5b670d53f2d535706df9b8e28662b964d44f8d0d33ae55b32529c6dbaf87
speed60,pylo12l5gze9yzhx55j6x52jv9w8v0ehgdglu5xm5nd,4a5331b1332be56f2edd18738ecac2a130eab7ba5366416e7906ab46f2df9aec
speed61,pylo12tk38cphm8spm3n8ahmkvfm5fxychh8j4a322w,6be4581328d0cddcb91a0d696f928df7194c87cb0434e21ad494b11b0218c64f
speed62,pylo18pj6ae87cd9jlfrcmwnlfv9dkey9sxtyt6n8fc,c212d3bc8f0d7475d6801fe12bc81beaf80cf0cae001c8246ac29d647aeb95fa
speed63,pylo1mghxkxssjzehr4akqywcfn4n5ag92c5m8r0m78,696de2db962e9289c86d58485c5ea1119d50183e92f5b70cad6b69532932ae71
speed64,pylo1ahnfugg64qadwwqueg4wsv4vtcxy0r9mkmzdsx,50b83afc9fe2ba1f2b44cc441f0231ceb2620e2416949ee1f65b35334b38319e
speed65,pylo1tsw0hg28uv6nv76ajlw05d6hn88dlen7njzdp3,26dc532494088e5ec56bcfb469db667ea4255ae63bfcece616c9771b2aeacde4
speed66,pylo1yz5t22hva7zk39zpg9unsalw5a0m5252sg22tv,fa0c67c2417945f93423a1cb719ee7c56666031cb09af3ffd67ebb1aac5dd0fb
speed67,pylo1yyxczv452ljt5q83hqmt4qsngm95uxrgqa260d,43c1f331b53d9d001d9f2764602d98d4896fa925ffcdee18d18f53014401a665
speed68,pylo1j88egu4dyycm8fqk24zy3t8uztk2hz2rgqz2hy,23d912781dc58c581cc066c1c94441eb61ed97e5334120b8730ce86e71222eb6
speed69,pylo1dxthvx5jzh5prersylj6gxpn6p6jghq399ndjz,b313c714d17f42b8a8148b5e8fcfe82a3d208b5e75198769464d534f3ff26f4c
speed70,pylo1lzhnl8yncvnd6c3ach76jg0sm9qnj04jxdyckn,b79ce0ebe3b94e58da98d3d240834c3a2d4cf2a605bef6f23cb58e5476062750
speed71,pylo1k0t6gapdg57kw2lh8urazs3l7dxprly9dd0trs,7651bd7c2063655adb4ac2f72814854b5020a5d5ba414434466c99e0f73819fe
speed72,pylo18xhqm3646p59d2sxh9pdnmfarruejv9txfc5p6,570d36a10e49a6bd9f3d9b00f8a8893f451320c6a85b17df11f1f452716152bd
speed73,pylo177mh48wc3k8kzqf34f8tfhfqayzx9q34vfnyy8,8697f39591fa3bbfcd42ca61087b4350a6edde41ddedee76900ba028ac05da96
speed74,pylo16pt03ngcf7w80f6wvx6vgy97w2k7mejxws3acm,c310428f85a128c62b937afb621f709481e154275613504601e9e7a1e52345c7
speed75,pylo16zhqsrw3wwh5t2lus6x3w3tnn65g2czgxetp8d,64d636ad5d81a581091e6ea6a3612f27256ef2f8638c19a2131bb573b7d8eb06
speed76,pylo1yqf4nl0hn4z6u0qkxylej9nsdjcqeuucnnrmwh,5cc754026b28edf6e2aea460e9dcfa32d5e7680d48134db42a594637df4c08ad
speed77,pylo1pm243yf922z8jt7ze37lawez0yf2x7u74t37pe,74427e487b18ff0ad96d13f2b094f353939513b580ee5b378c0e9a6466f02d38
speed78,pylo1ls6fc59p5jzlthmdqz4jkjqy3tw4hr0kz93cqv,39c5997956dbdc2cab12f8832e64c9780fa107949377fddb7e00abf686187473
speed79,pylo1a7lc5ycukfqcy8t5937lksjjdx6p6vjtpta9yg,c4f60ba6af5f908a406f2d6a37d441310a9028270756b785642551b2bece7a2f
speed80,pylo185vfamy0q3f70x8tws3tu568s6pwhmlv85tenx,15bdc3e99aa7b8a3f812352c19be8c2d6b938d2140e0d5a533b15c3d997ac4aa
speed81,pylo156xmxn6xry4auqfl37drv722udqz562zhmayfs,a6676dd2b91466da289d706dbd6baaf384f24ba7826b141d0262827060d2f5a4
speed82,pylo10nk6hzayjl3je6eex5yx2wl8d05s99qmq3zn4n,6a86fef2bcf730b45a67097ee3f09aeba9faccc67889f10f66067c97fff16b6c
speed83,pylo1y5cdzwn9du6hvrdzdx7qes74j94efmj2uu66y7,2187d0f0d4f9a2981b00549553bc255eefb395abb075b1549702367b94973844
speed84,pylo1jjly3wv2glaxmfxwuhdlnp693u4pnj3cyte3lu,c200d3bb1c705fdae701b8fa4e4b199fb6f74d52f1c0d93be8405c5431f820aa
speed85,pylo1xzjdpdnjejt8k35da85nx9rxjk2c3kunwenmps,453efaf58a5b47b48ba32e1c1da04a4266c6de56ce986336766336306e7eb463
speed86,pylo1mf4wavxq99e8mkgr46n2v8fqdhnfrm9hqlg85x,8a4fb80968346c6495ca234b475335ea04f35990be0f0808c1561147904c2dc8
speed87,pylo1x5l3hsa4ev3p9udedwh3t49fak4zqhqv0h4hjs,89b12ab1fe7d5005405a17eacfa7274d38727fe225fab44ba03db436a7731415
speed88,pylo1vvs3mdxxs9mz5v64g3unquclkaecy35djd5r7l,eb678597ae09d17fb615f51919f8bd05bc3d81688b4946089711fac52428663c
speed89,pylo1e8akfxc5xpv44cknuj9xh0qj8k2eyyfuhazd8s,8d761f875b3c17ab90f7c0cff6a2c40d17c3e78e9dfd159711197e98f00f5c94
speed90,pylo14sc375zztn0d2pk3c03g8a9tkfunaashyw5qyq,08126f44d2c87f23c92f723530eab65b389f2ca836998b54cd55229f4c2eda30
speed91,pylo1zy4l9rc3ww5mk25gsz9dfhf3j86lt0ycedzfnk,58037adf77e37b1e5d59d7e42b1ce26239ace0ba33aac681995666e95756af66
speed92,pylo1nxulmc5wqrzmgngz3jv56yv4kp00nxyfga43x4,ca26d4cb622d6daaeefdb92de1fa63068dc2042cb276d58a4f9897783bc2d9d2
speed93,pylo1mmuwrl6gyq54c23kzkzz3zes0k29u9uhkau2aj,57dfe26d2d6adcce7a03d5ac7a8ef1f5466f8cf006617f7987ced39e71c1dada
speed94,pylo1n7cqwkwgrdxrxy76a6gs8d70uwe0kvusw3qz67,433df35d025883565c9e6240985074397480f7e1298402b15aa8699bc73d689b
speed95,pylo1y5p38v9taegnddkme4u9dmw0ugr6gmqdltjgr6,b6a91bede425166abcb61641604b61e1870c106753d27fe2e128bccda08267dc
speed96,pylo1sm8j6z948ykw5qen8gteyxwjt4zuzg4g5zat4l,bb2b968c8c965fdc221fc11958708c8eb711a53e27132ca000796ef2aa73cf0a
speed97,pylo15sehu2xrlpmy8rn34vdmfdzxg5y5855ct7ysdr,099018d8d145f4559e45f34f59696043ef9d0ae638fb8f825f6fc9583e539c31
speed98,pylo1mh5xgdkhd28v0p74yhjzpxj67xqgj65uk5vr2e,a3c47e4fe8ec0920808cf390878395ad15a419b899e3411a29e53dbbaa7722d6
speed99,pylo1nvkgmvpsklvx6nvjawp0yqkpx9fdpugwgdvht8,6a700e97646e722e0ce379814fd415b490227fe84054eeca29853992b0d71bb6
speed100,pylo1xkavq0lma4pr38kjdwysnhrknlsel599shnaqd,44fd46d447ac818d896eae433ee9b05b72b7c472c9cb2381ae829980a08ffb2a
